time,pos_x,pos_y,pos_z,vel_x,vel_y,vel_z,acc_x,acc_y,acc_z,att_phi,att_theta,att_psi,distance_est,centroid_x,centroid_y,divergence,true_divergence,divergence_sp,pitch_sum,raw_divergence,color_count,cmd_thrust,cmd_roll,cmd_pitch,cmd_yaw,pos_z_inverted
0 days 00:00:28.445191,-1.943596606060606,0.5549715757575757,-0.9194394545454545,-0.008451363636363637,-0.004973393939393939,-0.011681424242424243,-0.004085757575757576,-0.0038301212121212122,0.012753212121212122,-0.0008614545454545455,0.0012187575757575757,0.00024266666666666664,10.0,-55.0,38.0,0.0,0.0,0.0,0.0,0.0,2820.0,6504.0,-0.6060606060606061,30.0,0.8181818181818182,0.9194394545454545
0 days 00:00:28.510191,-1.9441639393939394,0.5546349696969697,-0.920183909090909,-0.008720757575757576,-0.005216333333333334,-0.010878484848484847,-0.003969787878787879,-0.0035625757575757575,0.011668757575757575,-0.0008571515151515151,0.0012313636363636363,0.0002510909090909091,10.0,-55.0,38.0,0.0,0.0,0.0,0.0,0.0,2783.757575757576,6504.212121212121,2.696969696969697,32.21212121212121,-0.06060606060606061,0.920183909090909
0 days 00:00:28.575191,-1.944757294117647,0.5542741176470588,-0.9207939411764707,-0.008931264705882354,-0.005783323529411764,-0.0063202647058823525,0.0007831764705882354,-0.03533205882352941,0.04610514705882353,-0.004345323529411765,0.0007410588235294117,0.0002043529411764706,10.0,-50.14705882352941,34.64705882352941,-0.0006705882352941176,-0.0027607647058823528,0.0,0.01282055882352941,-0.0030025588235294116,2528.0588235294117,6552.764705882353,-701.3823529411765,-214.0,-52.85294117647059,0.9207939411764707
0 days 00:00:28.640191,-1.9452953030303028,0.5535309696969697,-0.9214458181818181,-0.005565606060606061,-0.022406212121212122,-0.015604939393939393,0.14398057575757575,-0.5774876363636364,-0.10098821212121212,-0.06227887878787879,-0.014744848484848486,-0.0005905151515151516,10.0,-52.90909090909091,39.39393939393939,0.028774,-0.0025726666666666667,0.0,-0.1364390909090909,0.12964766666666666,2824.969696969697,6465.363636363636,348.09090909090907,-139.36363636363637,-235.12121212121212,0.9214458181818181
0 days 00:00:28.705191,-1.9451012121212121,0.5502057575757576,-0.9221986969696969,0.014888545454545455,-0.08411342424242424,-0.002967060606060606,0.48116554545454543,-1.1888060606060606,0.24668215151515152,-0.13194860606060607,-0.05219133333333333,-0.00041239393939393937,10.0,-46.18181818181818,41.93939393939394,0.03572509090909091,0.0009054545454545456,0.0,-1.2288223939393939,0.09440709090909091,2842.181818181818,6521.757575757576,557.0,252.1818181818182,-49.18181818181818,0.9221986969696969
0 days 00:00:28.770191,-1.9427502647058823,0.5417561764705882,-0.9222854705882353,0.057264176470588235,-0.165646,-0.005076147058823529,0.7380120882352941,-1.148264911764706,-0.19143517647058825,-0.12880976470588235,-0.07919141176470589,0.0004822352941176471,10.0,-35.88235294117647,43.411764705882355,0.022365264705882355,0.011796058823529411,0.0,-3.48866,-0.015870617647058823,2834.823529411765,6698.911764705882,170.41176470588235,159.47058823529412,78.08823529411765,0.9222854705882353
0 days 00:00:28.835191,-1.9371768484848486,0.5283262121212121,-0.9229306969696971,0.10882245454545454,-0.229248,-0.011097606060606061,0.7776854242424243,-0.7062736363636364,0.06268930303030304,-0.09270654545454546,-0.08999439393939394,0.00042963636363636365,10.0,-31.606060606060606,41.60606060606061,0.021866333333333335,0.027138,0.0,-6.3495162121212125,0.021527666666666667,2843.757575757576,6438.212121212121,40.27272727272727,115.12121212121212,105.75757575757575,0.9229306969696971
0 days 00:00:28.900191,-1.928290484848485,0.5120545454545454,-0.923278,0.15884284848484848,-0.25682539393939396,0.0031774242424242424,0.7217214242424242,-0.1588808787878788,0.32423290909090907,-0.04098075757575758,-0.0913788484848485,0.00026424242424242427,10.0,-31.484848484848484,39.54545454545455,0.02173172727272727,0.04107272727272727,0.0,-9.37912593939394,0.023750545454545455,2849.939393939394,6270.30303030303,-225.5151515151515,209.27272727272728,105.54545454545455,0.923278
0 days 00:00:28.965191,-1.9163206363636365,0.49502324242424245,-0.9222154848484849,0.20083242424242423,-0.2553858787878788,0.03028390909090909,0.5400742727272727,0.15373366666666666,0.4802758181818182,-0.008598030303030304,-0.07775257575757576,0.00012666666666666666,10.0,-33.36363636363637,37.18181818181818,0.016063666666666664,0.05574218181818182,0.0,-12.198915696969696,-0.00383721212121212,2846.5454545454545,6137.484848484848,-110.3030303030303,-62.42424242424242,58.03030303030303,0.9222154848484849
0 days 00:00:29.030191,-1.9017687352941177,0.478367,-0.9189092941176471,0.23061805882352943,-0.2403695882352941,0.07014423529411765,0.37054488235294114,0.26849458823529415,0.7014920294117647,0.005122294117647059,-0.06450667647058823,0.00011379411764705883,10.0,-38.529411764705884,34.61764705882353,0.008521294117647057,0.07081570588235295,0.0,-14.552056882352941,-0.005271000000000001,2841.9411764705883,5975.323529411765,-142.5,-80.3529411764706,13.264705882352942,0.9189092941176471
0 days 00:00:29.095191,-1.8855166060606061,0.46286115151515156,-0.912581484848485,0.25328866666666666,-0.2226581515151515,0.1177919696969697,0.3219208484848485,0.22731524242424242,0.6702760606060606,0.0021045757575757574,-0.061674151515151515,-9.375757575757576e-05,10.0,-41.484848484848484,33.03030303030303,0.049315,0.07930390909090908,0.0,-16.64508212121212,0.18831627272727272,2921.030303030303,6034.757575757576,-12.333333333333334,66.63636363636364,27.151515151515152,0.912581484848485
0 days 00:00:29.160191,-1.8680809393939393,0.4485368484848485,-0.9034901515151514,0.2739973636363636,-0.21274551515151516,0.1541329696969697,0.3004278484848485,0.08463254545454545,0.428128303030303,-0.012333515151515151,-0.059991272727272726,-0.00011709090909090908,10.0,-41.42424242424242,32.57575757575758,0.076603,0.08675809090909091,0.0,-18.66387390909091,0.14892136363636366,2988.0,6181.787878787879,-78.03030303030303,78.75757575757575,43.03030303030303,0.9034901515151514
0 days 00:00:29.225191,-1.8493562727272728,0.4345820909090909,-0.892515696969697,0.29184839393939394,-0.21135266666666666,0.1760958484848485,0.23438448484848484,-0.06707430303030304,0.28981778787878787,-0.028550757575757577,-0.05389730303030303,4.3848484848484845e-05,10.0,-41.36363636363637,33.0,0.06697833333333333,0.09247200000000001,0.0,-20.55143690909091,0.018452666666666666,2996.0,6197.666666666667,-29.90909090909091,4.787878787878788,28.78787878787879,0.892515696969697
0 days 00:00:29.290191,-1.8293118823529413,0.4200454411764706,-0.8799539117647059,0.3047782352941177,-0.22462594117647058,0.19943544117647058,0.15856091176470588,-0.3056965588235294,0.4012559117647059,-0.055970970588235296,-0.04780705882352941,6.611764705882353e-05,10.0,-42.0,33.0,0.065139,0.097758,0.0,-22.246402676470588,0.055358,3030.705882352941,6120.029411764706,271.61764705882354,-2.9411764705882355,0.3235294117647059,0.8799539117647059
0 days 00:00:29.355191,-1.8085460606060606,0.40423466666666663,-0.8656624848484848,0.3139843636363637,-0.24660972727272726,0.22618048484848483,0.12166612121212121,-0.307371,0.37494451515151517,-0.057938424242424236,-0.04476951515151516,2.496969696969697e-05,10.0,-42.0,33.0,0.06908863636363637,0.10208672727272727,0.0,-23.790864757575758,0.07864454545454545,3077.030303030303,6146.181818181818,-0.6363636363636364,38.57575757575758,-16.90909090909091,0.8656624848484848
0 days 00:00:29.420191,-1.7875519696969697,0.3873487272727273,-0.8499573939393941,0.32116063636363634,-0.2630960303030303,0.24807651515151513,0.09448084848484849,-0.19893863636363637,0.3017487272727273,-0.04762009090909091,-0.042296121212121215,-0.00011854545454545454,10.0,-42.0,32.27272727272727,0.07391400000000001,0.10705833333333332,0.0,-25.230149575757576,0.09636233333333333,3108.181818181818,6165.333333333333,19.181818181818183,41.54545454545455,6.515151515151516,0.8499573939393941
0 days 00:00:29.485191,-1.7661525151515152,0.36958884848484846,-0.8329149696969698,0.3261691515151515,-0.2733045757575757,0.267373,0.05718363636363636,-0.09592730303030303,0.283946696969697,-0.03740266666666667,-0.0387690303030303,-0.00012524242424242425,10.0,-42.0,30.545454545454547,0.08147387878787878,0.11081281818181818,0.0,-26.569529545454547,0.10631033333333333,3157.090909090909,6160.424242424242,61.21212121212121,22.424242424242426,18.363636363636363,0.8329149696969698
0 days 00:00:29.550191,-1.7441751176470588,0.35119285294117647,-0.8143484999999999,0.328774,-0.27313052941176474,0.2858755294117647,0.0224,0.09074217647058824,0.28245655882352944,-0.017340735294117646,-0.03534541176470588,2.8323529411764705e-05,10.0,-42.55882352941177,28.88235294117647,0.08131182352941177,0.11314682352941177,0.0,-27.808322970588236,0.07768782352941175,3194.9411764705883,6131.35294117647,-105.97058823529412,20.323529411764707,-4.735294117647059,0.8143484999999999
0 days 00:00:29.615191,-1.7220965757575757,0.33316351515151515,-0.7944960303030302,0.3293388181818182,-0.2637052121212121,0.3063439090909091,-0.0032066060606060604,0.17564727272727274,0.31085439393939396,-0.007398060606060606,-0.03281969696969697,-3.666666666666666e-06,10.0,-43.0,27.272727272727273,0.080269,0.11450166666666667,0.0,-28.948141393939395,0.06930599999999999,3223.818181818182,6120.666666666667,13.454545454545455,30.545454545454547,-4.333333333333333,0.7944960303030302
0 days 00:00:29.680191,-1.700359090909091,0.3161725151515151,-0.7736207272727273,0.3285343333333333,-0.25023696969696974,0.3245274545454545,-0.02095878787878788,0.23251542424242425,0.2426548181818182,0.00014830303030303031,-0.03063921212121212,-7.342424242424243e-05,10.0,-43.0,25.09090909090909,0.09448772727272726,0.11585772727272727,0.0,-29.99557542424242,0.13913351515151515,3291.090909090909,6152.0,-7.7272727272727275,33.333333333333336,7.181818181818182,0.7736207272727273
0 days 00:00:29.745191,-1.6787156666666665,0.3001982424242424,-0.7516644848484848,0.32648296969696966,-0.23302721212121214,0.3396744242424242,-0.04095818181818182,0.28494763636363635,0.21696084848484848,0.007497878787878789,-0.02823657575757576,-5.509090909090909e-05,10.0,-42.75757575757576,23.757575757575758,0.09606957575757576,0.11638569696969697,0.0,-30.967449757575757,0.11057572727272728,3324.5454545454545,6163.666666666667,-68.81818181818181,27.818181818181817,10.303030303030303,0.7516644848484848
0 days 00:00:29.810191,-1.656927588235294,0.2852389705882353,-0.7284443529411764,0.3231322058823529,-0.21353791176470588,0.3516654705882353,-0.05827376470588236,0.27724367647058823,0.14736732352941176,0.008377852941176472,-0.025874323529411766,-1.4323529411764707e-05,10.0,-42.0,22.647058823529413,0.09226979411764706,0.11670088235294117,0.0,-31.872871205882355,0.08792311764705883,3369.4117647058824,6191.14705882353,-89.79411764705883,26.941176470588236,9.088235294117647,0.7284443529411764
0 days 00:00:29.875191,-1.6354011515151514,0.27146736363636365,-0.7045072727272728,0.318671393939394,-0.19864542424242423,0.36227275757575755,-0.07361357575757575,0.15967575757575758,0.15148206060606062,-0.0028293636363636364,-0.023829424242424242,-1.0363636363636364e-05,10.0,-41.09090909090909,22.0,0.10432057575757576,0.11645587878787879,0.0,-32.704603484848484,0.12651718181818183,3437.2727272727275,6206.363636363636,16.060606060606062,29.424242424242426,10.272727272727273,0.7045072727272728
0 days 00:00:29.940191,-1.6145177878787877,0.258604,-0.6803426060606059,0.3135046363636364,-0.19219103030303028,0.3677056060606061,-0.08304418181818181,0.03823693939393939,0.031088454545454548,-0.015053424242424243,-0.022028545454545453,-4.727272727272727e-06,10.0,-39.75757575757576,22.0,0.08501987878787878,0.11600724242424243,0.0,-33.46116975757575,-0.022985090909090906,3445.3939393939395,6261.69696969697,11.93939393939394,31.424242424242426,7.2727272727272725,0.6803426060606059
0 days 00:00:30.005191,-1.593692294117647,0.24570741176470587,-0.6555900294117647,0.3075094705882353,-0.19358670588235294,0.37086361764705883,-0.09557373529411764,-0.06978520588235294,0.06867123529411764,-0.026694764705882355,-0.020197558823529412,-1.4000000000000001e-05,10.0,-38.64705882352941,21.647058823529413,0.12038664705882353,0.11493932352941176,0.0,-34.16812135294118,0.21550879411764706,3563.764705882353,6229.588235294118,130.76470588235293,27.470588235294116,6.5,0.6555900294117647
0 days 00:00:30.070191,-1.5732930606060607,0.23253536363636362,-0.6305585454545455,0.3007777575757576,-0.19910778787878788,0.3754725151515152,-0.10461893939393939,-0.06424424242424243,0.06373181818181818,-0.02636187878787879,-0.01857178787878788,4.9696969696969696e-06,10.0,-37.54545454545455,20.545454545454547,0.10980842424242424,0.11371375757575758,0.0,-34.81681393939394,0.0767440303030303,3604.3636363636365,6235.848484848485,85.51515151515152,29.09090909090909,-1.9393939393939394,0.6305585454545455
0 days 00:00:30.135191,-1.553658484848485,0.21933924242424244,-0.6056198484848487,0.29365639393939397,-0.19875736363636365,0.37932272727272726,-0.11079733333333333,0.07823999999999999,0.05349254545454546,-0.011082545454545454,-0.017199939393939396,-1.2666666666666667e-05,10.0,-36.75757575757576,19.515151515151516,0.11195933333333333,0.11256748484848485,0.0,-35.406646787878785,0.12031896969696969,3652.7272727272725,6238.909090909091,-77.93939393939394,30.454545454545453,-6.151515151515151,0.6056198484848487
0 days 00:00:30.200191,-1.5345068181818182,0.20646893939393937,-0.5804522424242426,0.286172393939394,-0.1899040303030303,0.38235242424242427,-0.11581027272727273,0.18012757575757576,0.03797878787878788,0.0005714545454545455,-0.015906090909090908,-9.145454545454545e-05,10.0,-35.666666666666664,17.666666666666668,0.11325939393939394,0.11050845454545455,0.0,-35.95282618181818,0.11560242424242423,3716.0,6247.818181818182,-10.393939393939394,30.484848484848484,7.878787878787879,0.5804522424242426
0 days 00:00:30.265191,-1.5155833235294118,0.19421144117647057,-0.5547322058823532,0.2782559117647059,-0.17517029411764706,0.3844738823529412,-0.12026888235294117,0.24498494117647057,0.02682255882352941,0.008789764705882353,-0.014637529411764705,-6.138235294117646e-05,10.0,-34.705882352941174,16.852941176470587,0.105346,0.109348,0.0,-36.464094411764705,0.065859,3740.9411764705883,6253.294117647059,-112.05882352941177,29.529411764705884,14.823529411764707,0.5547322058823532
0 days 00:00:30.330191,-1.497197,0.18300121212121212,-0.5288976666666667,0.27008375757575753,-0.15985324242424243,0.38570169696969697,-0.12335409090909091,0.19674045454545455,0.005409363636363637,0.00501739393939394,-0.013478090909090908,1.709090909090909e-05,10.0,-33.0,15.757575757575758,0.11374175757575757,0.10840363636363635,0.0,-36.934766151515156,0.11239775757575757,3793.3939393939395,6276.030303030303,75.72727272727273,29.90909090909091,8.818181818181818,0.5288976666666667
0 days 00:00:30.395191,-1.4796278484848486,0.17282745454545453,-0.5034520606060606,0.26189366666666664,-0.14867009090909092,0.3838743333333334,-0.12466481818181818,0.16597766666666666,-0.06077039393939394,0.0030434545454545454,-0.012445545454545454,6.627272727272728e-05,10.0,-32.333333333333336,14.666666666666666,0.135376,0.10426327272727273,0.0,-37.36228484848485,0.1999699393939394,3904.6666666666665,6320.030303030303,89.12121212121212,31.333333333333332,-6.242424242424242,0.5034520606060606
0 days 00:00:30.460191,-1.4626025454545455,0.16343639393939394,-0.47824724242424255,0.2536173636363636,-0.1347960606060606,0.3790206666666666,-0.12614672727272727,0.25350424242424247,-0.07983627272727273,0.01358518181818182,-0.01145269696969697,2.545454545454545e-06,10.0,-30.757575757575758,14.0,0.11226227272727272,0.10254181818181818,0.0,-37.75655427272727,0.008632181818181818,3909.6363636363635,6328.272727272727,-180.0909090909091,30.606060606060606,-8.515151515151516,0.47824724242424255
0 days 00:00:30.525191,-1.4458832647058824,0.1549806176470588,-0.45301929411764696,0.2451234117647059,-0.11827494117647058,0.37327270588235295,-0.12724823529411763,0.20345785294117646,-0.09013941176470588,0.00958814705882353,-0.010492441176470588,-0.00014141176470588234,10.0,-28.764705882352942,13.764705882352942,0.10326020588235295,0.0994060588235294,0.0,-38.123804676470584,0.07684473529411764,3955.764705882353,6331.941176470588,-54.294117647058826,29.88235294117647,20.38235294117647,0.45301929411764696
0 days 00:00:30.590191,-1.4297330606060605,0.14737160606060606,-0.428156909090909,0.23657206060606062,-0.11068048484848485,0.36876800000000004,-0.12777448484848486,0.034699181818181817,-0.04695127272727273,-0.007310151515151515,-0.009648575757575757,-5.0363636363636366e-05,10.0,-27.333333333333332,13.0,0.10858478787878788,0.09685618181818183,0.0,-38.4608676060606,0.12274930303030304,4029.3333333333335,6315.272727272727,181.1818181818182,30.545454545454547,22.272727272727273,0.428156909090909
0 days 00:00:30.655191,-1.414385393939394,0.1400999696969697,-0.4039370606060608,0.22818172727272726,-0.10954439393939394,0.3637752121212121,-0.12641363636363634,0.02133442424242424,-0.10601372727272727,-0.008361878787878788,-0.008912212121212121,0.0001303030303030303,10.0,-25.757575757575758,12.878787878787879,0.09932772727272728,0.09490218181818183,0.0,-38.76698672727273,0.05756645454545454,4056.4848484848485,6360.090909090909,-62.515151515151516,31.03030303030303,-17.696969696969695,0.4039370606060608
0 days 00:00:30.720191,-1.3995892727272727,0.13292075757575758,-0.38015548484848494,0.2198771515151515,-0.10773790909090909,0.35609375757575756,-0.12525527272727272,0.0307600303030303,-0.12379463636363637,-0.007191606060606061,-0.008207757575757575,-2.1666666666666667e-05,10.0,-23.575757575757574,12.0,0.10279972727272726,0.09151618181818182,0.0,-39.04938906060606,0.11303863636363637,4125.212121212121,6373.0,56.42424242424242,30.575757575757574,-13.090909090909092,0.38015548484848494
0 days 00:00:30.785191,-1.385128705882353,0.1257865588235294,-0.3565664705882352,0.2115305294117647,-0.10473920588235294,0.34741329411764704,-0.12387544117647058,0.05729688235294118,-0.13363858823529412,-0.004136235294117647,-0.00753129411764706,-0.0001706764705882353,10.0,-21.941176470588236,11.970588235294118,0.093956,0.089501,0.0,-39.31281702941176,0.058443,4154.058823529412,6382.0,-99.91176470588235,30.88235294117647,18.970588235294116,0.3565664705882352
0 days 00:00:30.850191,-1.3712217878787878,0.1188790909090909,-0.33357581818181825,0.20329093939393938,-0.10162987878787878,0.33814357575757575,-0.12200590909090911,0.029787121212121213,-0.14486393939393938,-0.006731757575757576,-0.006916454545454545,-5.424242424242424e-05,10.0,-19.87878787878788,10.878787878787879,0.10104554545454544,0.08594436363636364,0.0,-39.55469539393939,0.12353354545454545,4230.606060606061,6395.0,141.15151515151516,31.060606060606062,18.727272727272727,0.33357581818181825
0 days 00:00:30.915191,-1.3580597575757576,0.11223851515151514,-0.31153157575757584,0.19530009090909092,-0.09896057575757576,0.3298978484848485,-0.12016854545454544,0.07143742424242425,-0.09860342424242424,-0.0019712727272727273,-0.006362424242424242,0.00011757575757575758,10.0,-18.575757575757574,10.0,0.10699590909090909,0.08319836363636364,0.0,-39.773682575757576,0.12568427272727273,4312.090909090909,6366.272727272727,-32.15151515151515,30.96969696969697,-14.878787878787879,0.31153157575757584
0 days 00:00:30.980191,-1.3452348235294116,0.10583876470588235,-0.28965841176470597,0.18733826470588233,-0.09125302941176472,0.3218827941176471,-0.11745220588235294,0.13834885294117646,-0.15013900000000002,0.005551441176470588,-0.005840323529411765,-5.294117647058824e-06,10.0,-16.941176470588236,9.970588235294118,0.115568,0.08113,0.0,-39.97794732352941,0.151313,4384.14705882353,6417.0,-159.7058823529412,30.676470588235293,-12.882352941176471,0.28965841176470597
0 days 00:00:31.045191,-1.3329350303030303,0.09998933333333333,-0.2684319393939394,0.17956333333333332,-0.0842069696969697,0.31100360606060606,-0.11468566666666667,0.059792,-0.1704888787878788,-0.002010878787878788,-0.005362151515151515,-0.00018069696969696971,8.025882363636365,-14.757575757575758,9.0,0.10421836363636364,0.07754345454545455,0.04094606060606061,-40.165601606060605,0.06826736363636363,4428.787878787879,6432.818181818182,173.12121212121212,47.63636363636363,24.696969696969695,0.2684319393939394
0 days 00:00:31.110191,-1.3213262727272728,0.09452654545454545,-0.24827187878787882,0.17192424242424242,-0.081279,0.2993838181818182,-0.11971509090909091,0.04935236363636364,-0.1757331515151515,-0.002637575757575758,-0.004075666666666667,-1.106060606060606e-05,5.362195878787879,-13.0,8.787878787878787,0.10464909090909091,0.07479018181818181,0.10394,-40.326539878787884,0.10711372727272726,4499.636363636364,6426.363636363636,-45.121212121212125,48.45454545454545,11.333333333333334,0.24827187878787882
0 days 00:00:31.175191,-1.3102476363636364,0.08928639393939394,-0.22880469696969707,0.16334215151515152,-0.07715566666666666,0.29144387878787875,-0.1418639696969697,0.07496651515151516,-0.058209030303030304,0.00041248484848484853,-0.000959969696969697,8.960606060606061e-05,5.326377212121212,-13.0,8.0,0.116741,0.07264,0.10394,-40.41318618181818,0.169136,4580.0,6347.0,60.484848484848484,23.939393939393938,-18.060606060606062,0.22880469696969707
0 days 00:00:31.240191,-1.2996365588235295,0.0843210588235294,-0.20940608823529416,0.1531130588235294,-0.07047741176470589,0.2861535,-0.1569279705882353,0.12203432352941178,-0.13328620588235293,0.005896382352941176,0.0015286176470588235,-6.35e-05,5.290260941176471,-10.882352941176471,7.882352941176471,0.07432047058823531,0.0684179411764706,0.10394,-40.39240970588236,-0.06095941176470589,4544.705882352941,6449.529411764706,-144.58823529411765,-69.70588235294117,-7.647058823529412,0.20940608823529416
0 days 00:00:31.305191,-1.289699606060606,0.07986051515151515,-0.19058281818181821,0.14385733333333334,-0.06317351515151515,0.27483457575757575,-0.109215,0.07426457575757575,-0.18116200000000002,0.0014610606060606061,-0.002598,-0.00020763636363636362,5.254388636363636,-10.0,7.0,0.073035,0.06829,0.10394,-40.391163484848484,-0.067932,4610.0,6459.0,20.424242424242426,59.18181818181818,24.78787878787879,0.19058281818181821
0 days 00:00:31.370191,-1.2803861818181819,0.07577612121212121,-0.1728812121212122,0.1388048181818182,-0.06142621212121212,0.25951378787878787,-0.052208090909090905,-0.006152393939393939,-0.3286959696969697,-0.006403727272727273,-0.0077757272727272736,-2.706060606060606e-05,5.219290090909091,-6.363636363636363,7.0,0.09274093939393939,0.061995242424242425,0.10394,-40.57515390909091,0.1469008787878788,4708.181818181818,6622.454545454545,183.0,132.84848484848484,14.606060606060606,0.1728812121212122
0 days 00:00:31.435191,-1.271328303030303,0.07172960606060606,-0.1565293030303031,0.13528772727272728,-0.06028563636363636,0.23660727272727272,-0.06496896969696969,0.06057242424242425,-0.2835827272727273,0.0006373636363636363,-0.006080363636363636,0.0001336969696969697,5.184425909090908,-4.0,7.0,0.07893924242424243,0.06011269696969697,0.10394,-40.820699,0.02608742424242424,4732.0,6505.363636363636,-153.42424242424244,-14.787878787878787,-24.757575757575758,0.1565293030303031
0 days 00:00:31.500191,-1.2624263235294118,0.06787591176470588,-0.14118655882352937,0.13007702941176472,-0.05447741176470588,0.2227679705882353,-0.08319244117647058,0.08776855882352941,-0.1366359705882353,0.003777470588235294,-0.00385714705882353,-7.238235294117647e-05,5.149272352941177,-4.0,6.205882352941177,0.08752835294117646,0.05845829411764706,0.10394,-40.975387647058824,0.10347717647058823,4801.882352941177,6428.35294117647,51.76470588235294,10.382352941176471,-6.705882352941177,0.14118655882352937
0 days 00:00:31.565191,-1.2538830909090908,0.06439957575757575,-0.12649584848484852,0.12492403030303029,-0.04940693939393939,0.21516384848484849,-0.06712654545454545,0.07301242424242424,-0.14871639393939393,0.0028068181818181816,-0.005039090909090909,-0.00018036363636363635,5.114356090909091,-2.1818181818181817,6.0,0.06347336363636363,0.056236575757575756,0.10394,-41.11820596969697,-0.025268939393939392,4792.727272727273,6503.545454545455,-49.27272727272727,-2.393939393939394,24.636363636363637,0.12649584848484852
0 days 00:00:31.630191,-1.245753909090909,0.06130072727272728,-0.11269069696969702,0.12162072727272727,-0.04449015151515152,0.20227218181818182,-0.031683636363636365,0.07373448484848484,-0.21592369696969696,0.0033141212121212123,-0.008313181818181819,-7.363636363636364e-06,5.0801929090909095,0.0,5.0,0.07470621212121213,0.05451924242424242,0.10394,-41.334934000000004,0.12343227272727274,4874.0,6530.575757575758,91.81818181818181,78.87878787878788,9.393939393939394,0.11269069696969702
0 days 00:00:31.695191,-1.2377682424242424,0.05854287878787879,-0.09981048484848487,0.12034457575757576,-0.038625454545454546,0.18781721212121213,-0.012939121212121213,0.11297521212121212,-0.22167545454545454,0.007916969696969697,-0.010036151515151515,9.827272727272728e-05,5.046257787878788,1.5757575757575757,5.0,0.05798360606060606,0.053924515151515154,0.10394,-41.64685009090909,0.010027090909090907,4859.818181818182,6541.606060606061,-110.45454545454545,15.757575757575758,-18.515151515151516,0.09981048484848487
0 days 00:00:31.760191,-1.229722705882353,0.05623079411764706,-0.08771117647058824,0.11967555882352941,-0.03060608823529412,0.17375135294117647,-0.006073558823529411,0.10280794117647059,-0.18269573529411764,0.00746,-0.010705117647058823,-7.023529411764706e-05,5.0120410294117645,2.8823529411764706,5.0,0.0778349705882353,0.053629588235294116,0.10394,-41.99206232352941,0.15249817647058822,4965.411764705882,6506.617647058823,-36.088235294117645,65.47058823529412,-3.823529411764706,0.08771117647058824
0 days 00:00:31.825191,-1.221708121212121,0.05433751515151515,-0.07643475757575768,0.11928124242424243,-0.027015424242424244,0.16269724242424244,-0.01027269696969697,0.00486860606060606,-0.1753841212121212,-0.0021723939393939393,-0.010197575757575758,-0.00015893939393939394,4.978055181818182,4.393939393939394,5.0,0.07921066666666668,0.053650333333333335,0.10394,-42.350681606060604,0.10352666666666666,5012.060606060606,6537.333333333333,79.15151515151516,33.03030303030303,21.757575757575758,0.07643475757575768
0 days 00:00:31.890191,-1.2138647575757575,0.052518272727272726,-0.06610087878787885,0.11797830303030303,-0.02843178787878788,0.15060766666666667,-0.02765966666666667,-0.03199739393939394,-0.15090030303030302,-0.00594669696969697,-0.008326121212121212,3.515151515151515e-06,4.944802515151515,5.0,5.0,0.07214481818181818,0.053484636363636366,0.10394,-42.653642272727275,0.05005521212121212,5051.212121212121,6487.060606060606,23.848484848484848,-9.575757575757576,3.1818181818181817,0.06610087878787885
0 days 00:00:31.955191,-1.2061320606060606,0.05058118181818182,-0.05640672727272733,0.11623178787878788,-0.02994787878787879,0.14334918181818182,-0.019708333333333335,-0.011949212121212121,-0.12034727272727273,-0.004034787878787878,-0.009038848484848485,6.306060606060606e-05,4.911771909090909,6.151515151515151,5.0,0.06736790909090909,0.052999000000000004,0.10394,-42.93126460606061,0.04596472727272727,5076.424242424242,6524.454545454545,-24.545454545454547,24.12121212121212,-19.060606060606062,0.05640672727272733
0 days 00:00:32.020191,-1.1983610294117648,0.048556764705882355,-0.047164000000000095,0.11581097058823529,-0.030310323529411765,0.13159779411764708,0.006166470588235294,-0.0010311470588235294,-0.19524682352941178,-0.002928823529411765,-0.011546676470588236,-8.638235294117648e-05,4.87846705882353,7.676470588235294,4.323529411764706,0.06722341176470588,0.05259870588235294,0.10394,-43.27627126470588,0.06878858823529412,5127.882352941177,6548.764705882353,88.20588235294117,57.5,-2.735294117647059,0.047164000000000095
0 days 00:00:32.085191,-1.1905677878787877,0.046549909090909086,-0.03874651515151517,0.1167049696969697,-0.02886939393939394,0.11994575757575758,0.017401090909090908,0.058416363636363634,-0.16082675757575757,0.0033557575757575757,-0.012773939393939395,-0.00011963636363636365,4.84538706060606,8.787878787878787,4.0,0.05478403030303031,0.05295051515151516,0.10394,-43.68850178787879,0.01103112121212121,5139.69696969697,6538.787878787879,-95.66666666666667,9.909090909090908,11.727272727272727,0.03874651515151517
0 days 00:00:32.150191,-1.1828128787878789,0.044824393939393935,-0.031173030303030314,0.11817242424242425,-0.023050848484848483,0.10954260606060606,0.030163545454545453,0.09444548484848485,-0.1554461515151515,0.00736339393939394,-0.014230151515151515,-4.627272727272727e-05,4.813020333333333,9.575757575757576,4.0,0.048987363636363634,0.053600636363636364,0.10394,-44.12831060606061,0.01619227272727273,5154.121212121212,6543.272727272727,-69.72727272727273,22.181818181818183,6.393939393939394,0.031173030303030314
0 days 00:00:32.215191,-1.1747977647058823,0.04344332352941177,-0.024181705882353022,0.12108123529411763,-0.01910779411764706,0.09914858823529413,0.055650647058823534,0.01765952941176471,-0.15537114705882354,-0.00012811764705882353,-0.01707014705882353,-1.5529411764705882e-05,4.780385235294117,10.676470588235293,4.0,0.05979047058823529,0.05488576470588235,0.10394,-44.653466264705884,0.0983881176470588,5228.235294117647,6550.529411764706,65.1470588235294,78.38235294117646,1.0294117647058822,0.024181705882353022
0 days 00:00:32.280191,-1.1665432727272727,0.04215233333333333,-0.017884575757575738,0.12502742424242425,-0.01987730303030303,0.0887570606060606,0.054988333333333334,-0.026467303030303032,-0.15450815151515152,-0.004556333333333333,-0.017297666666666666,-1.1212121212121212e-06,4.747970272727272,11.484848484848484,4.0,0.066322,0.055346,0.10394,-45.24127412121212,0.130678,5278.363636363636,6556.181818181818,32.27272727272727,45.09090909090909,-5.242424242424242,0.017884575757575738
0 days 00:00:32.345191,-1.158180696969697,0.04078787878787879,-0.0123633636363637,0.12779024242424242,-0.021208424242424244,0.07854636363636364,0.028898969696969697,-0.00992969696969697,-0.15342887878787878,-0.002963151515151515,-0.014898060606060607,-4.460606060606061e-05,4.7162543333333335,12.0,4.0,0.06462999999999999,0.057437272727272726,0.10394,-45.77307739393939,0.08821709090909091,5322.454545454545,6559.454545454545,-21.060606060606062,-1.7272727272727273,-3.878787878787879,0.0123633636363637
0 days 00:00:32.410191,-1.149686090909091,0.0393779696969697,-0.007502303030303081,0.1292449696969697,-0.02134881818181818,0.0691169393939394,0.019843424242424242,0.0013240303030303028,-0.11950993939393939,-0.001877060606060606,-0.014195575757575758,-8.69090909090909e-05,4.684750575757576,12.0,4.0,0.06704327272727273,0.05969863636363637,0.10394,-46.24539996969697,0.07631163636363636,5383.0,6528.454545454545,-10.333333333333334,25.03030303030303,4.515151515151516,0.007502303030303081
0 days 00:00:32.475191,-1.1409676470588237,0.03794485294117647,-0.0030894999999999673,0.13080214705882354,-0.02147379411764706,0.06289423529411764,0.027002500000000002,-0.005531323529411765,-0.10185811764705882,-0.0025878235294117644,-0.01508779411764706,-5.364705882352941e-05,4.652985029411765,12.941176470588236,3.5294117647058822,0.061457558823529414,0.060501029411764704,0.10394,-46.73596744117647,0.045890058823529416,5401.705882352941,6560.85294117647,79.47058823529412,27.38235294117647,6.205882352941177,0.0030894999999999673
0 days 00:00:32.540191,-1.132127515151515,0.03650654545454545,0.0008027272727272328,0.13290330303030304,-0.02090790909090909,0.05229521212121212,0.03675484848484848,0.04066948484848485,-0.173267,0.002307,-0.016161666666666668,2.7606060606060606e-05,4.621433939393939,14.0,3.0,0.05431990909090909,0.061743090909090914,0.10394,-47.25608427272727,0.03588509090909091,5429.090909090909,6569.454545454545,-41.96969696969697,22.181818181818183,-4.454545454545454,-0.0008027272727272328
0 days 00:00:32.605191,-1.1232538484848484,0.03528560606060606,0.00396321212121209,0.1358681515151515,-0.015364000000000001,0.0446,0.05314372727272727,0.10808857575757576,-0.08501524242424242,0.009534636363636363,-0.018236575757575757,-1.0878787878787878e-05,4.590563363636364,14.363636363636363,3.0,0.06112599999999999,0.06292633333333333,0.10394,-47.82360815151515,0.08815366666666667,5484.0,6542.333333333333,-112.27272727272727,62.96969696969697,-8.696969696969697,-0.00396321212121209
0 days 00:00:32.670191,-1.114152878787879,0.03447969696969697,0.006686787878787848,0.13960187878787877,-0.009862636363636363,0.037433939393939394,0.054571999999999996,0.04422860606060606,-0.12264090909090909,0.003410030303030303,-0.01860339393939394,-0.00012654545454545454,4.55989903030303,15.0,3.0,0.06551581818181818,0.0651000303030303,0.10394,-48.440265787878786,0.07768136363636363,5549.090909090909,6558.636363636364,52.03030303030303,39.84848484848485,10.696969696969697,-0.006686787878787848
0 days 00:00:32.735191,-1.1046807352941177,0.03385423529411764,0.008958176470588164,0.14259270588235293,-0.009510647058823528,0.031054764705882355,0.036289176470588234,-0.019553705882352942,-0.07195891176470588,-0.002915911764705882,-0.017121617647058822,-5.9e-05,4.528980117647059,15.0,3.0,0.0636269411764706,0.06665188235294119,0.10394,-49.03665788235294,0.05288505882352941,5589.117647058823,6531.0,51.294117647058826,8.617647058823529,9.0,-0.008958176470588164
0 days 00:00:32.800191,-1.0950386666666667,0.03316957575757575,0.010887909090909087,0.14490172727272727,-0.01077090909090909,0.026638727272727272,0.03404348484848485,-0.010253060606060606,-0.0626469393939394,-0.002023,-0.017131727272727274,3.736363636363636e-05,4.498269818181818,15.0,3.0,0.067205,0.06854833333333334,0.10394,-49.608329636363635,0.07655833333333333,5652.181818181818,6531.333333333333,-16.727272727272727,28.424242424242426,-11.393939393939394,-0.010887909090909087
0 days 00:00:32.865191,-1.0853910606060606,0.032451848484848486,0.012511303030303011,0.14715048484848486,-0.010771878787878789,0.022584969696969697,0.03725533333333333,0.006144515151515152,-0.06123687878787879,-0.00038527272727272726,-0.01769539393939394,-4.4424242424242424e-05,4.46822196969697,15.151515151515152,3.0,0.04515057575757576,0.06960239393939394,0.10394,-50.17737178787878,-0.04699081818181818,5626.757575757576,6538.545454545455,-16.454545454545453,-5.757575757575758,-8.272727272727273,-0.012511303030303011
0 days 00:00:32.930191,-1.0755670909090909,0.031752,0.01383315151515152,0.150553,-0.010491909090909092,0.016856545454545457,0.06871439393939394,9.31818181818182e-05,-0.11824333333333333,-0.0009854848484848486,-0.02110757575757576,-0.00013045454545454544,4.438374787878788,16.242424242424242,3.0,0.048460939393939396,0.07158618181818183,0.10394,-50.81201354545454,0.05981187878787879,5677.666666666667,6587.69696969697,6.696969696969697,63.18181818181818,9.969696969696969,-0.01383315151515152
0 days 00:00:32.995191,-1.0652883529411763,0.031041264705882355,0.014669794117647017,0.1560909411764706,-0.010775382352941176,0.008148676470588236,0.0892350294117647,-0.006768323529411764,-0.12750220588235295,-0.0016915882352941177,-0.023601823529411765,-5.520588235294118e-05,4.408279911764706,17.0,3.0,0.06280626470588235,0.07420347058823529,0.10394,-51.57219458823529,0.1085039411764706,5769.882352941177,6577.823529411765,6.647058823529412,84.70588235294117,8.147058823529411,-0.014669794117647017
0 days 00:00:33.060191,-1.0546300909090907,0.030304,0.01497478787878781,0.16137978787878787,-0.011174515151515152,0.001763878787878788,0.06132939393939394,-0.004184818181818182,-0.06553560606060606,-0.0014706969696969697,-0.021331757575757577,2.3484848484848483e-05,4.378388090909091,17.0,3.0,0.07002781818181818,0.07656266666666667,0.10394,-20.653972000000003,0.10513842424242424,5829.272727272727,6543.727272727273,-2.272727272727273,53.57575757575758,-7.242424242424242,-0.01497478787878781
0 days 00:00:33.125191,-1.043872666666667,0.02955945454545455,0.014957030303030194,0.16371027272727273,-0.011328121212121211,-0.0021705757575757574,0.016535636363636363,-0.0010917575757575758,-0.05295515151515151,-0.0011757272727272727,-0.017095484848484846,-3.348484848484849e-05,4.349141121212122,16.515151515151516,3.0,0.055574515151515146,0.0795901515151515,0.10394,-0.6819857878787879,0.01058790909090909,5840.666666666667,6526.090909090909,-3.0606060606060606,-248.0,-7.303030303030303,-0.014957030303030194
0 days 00:00:33.190191,-1.0328135294117649,0.028797323529411764,0.014776235294117646,0.16730523529411764,-0.011403529411764706,-0.0018181764705882352,0.13086855882352944,-0.001624794117647059,0.06458952941176471,-0.0012528529411764706,-0.02977685294117647,-9.594117647058825e-05,4.319651352941176,15.294117647058824,3.0,0.070779,0.080315,0.10394,-1.3926955,0.136617,5928.470588235294,6453.264705882353,0.35294117647058826,-143.61764705882354,4.205882352941177,-0.014776235294117646
0 days 00:00:33.255191,-1.0210755757575756,0.02802748484848485,0.014808727272727196,0.18606848484848484,-0.011570515151515153,0.0024656666666666664,0.4413697878787879,-0.0032156363636363637,0.03300003030303031,-0.0014253333333333334,-0.06329018181818181,-3.7999999999999995e-05,4.290360333333334,21.21212121212121,2.8484848484848486,0.07121827272727273,0.08247003030303031,0.10394,-2.9217832424242425,0.13063348484848486,6010.606060606061,6592.060606060606,21.151515151515152,208.9090909090909,4.484848484848484,-0.014808727272727196
0 days 00:00:33.320191,-1.0075444545454544,0.027260272727272727,0.014482666666666644,0.2264177272727273,-0.01143451515151515,-0.02223369696969697,0.7494024848484848,0.018871000000000002,-0.8352149999999999,0.0008431818181818182,-0.08995712121212121,3.636363636363636e-05,4.2617013939393935,29.454545454545453,2.0,0.07611757575757576,0.10280118181818182,0.10394,-5.507451454545455,0.09167148484848485,6093.272727272727,7220.606060606061,57.666666666666664,314.75757575757575,-5.424242424242424,-0.014482666666666644
0 days 00:00:33.385191,-0.9908934242424241,0.026612242424242424,0.011160181818181791,0.2763151818181818,-0.007268121212121212,-0.07445451515151516,0.7055559696969697,0.10275572727272728,-0.6219926666666666,0.009201636363636363,-0.09126457575757577,1.6696969696969698e-05,4.233233787878788,33.93939393939394,2.0303030303030303,0.082486,0.120285,0.10394,-8.569748181818182,0.108083,6170.909090909091,6942.090909090909,-137.93939393939394,216.87878787878788,-10.393939393939394,-0.011160181818181791
0 days 00:00:33.450191,-0.9709331176470588,0.026360235294117646,0.005068970588235189,0.31513276470588236,-0.0009368823529411765,-0.101081,0.44370564705882354,0.05426326470588235,-0.13754664705882355,0.005041529411764706,-0.07287008823529412,1.8970588235294116e-05,4.204529794117647,31.11764705882353,2.8529411764705883,0.10570958823529412,0.1524682941176471,0.10394,-11.34142194117647,0.17665988235294117,6336.529411764706,6531.441176470588,-63.35294117647059,-133.94117647058823,9.970588235294118,-0.005068970588235189
0 days 00:00:33.515191,-0.948968515151515,0.026298303030303033,-0.0016315151515151616,0.33763936363636365,-0.002528878787878788,-0.09424333333333333,0.26275457575757577,-0.08297796969696969,0.2786905757575758,-0.008942272727272728,-0.05980678787878788,2.6727272727272725e-05,4.176019636363637,25.272727272727273,2.0,0.10428518181818182,0.16822766666666666,0.10394,-13.521321545454546,0.1043619393939394,6437.393939393939,6353.515151515152,284.3939393939394,-78.3030303030303,12.606060606060606,0.0016315151515151616
0 days 00:00:33.580191,-0.9261090909090908,0.025978818181818183,-0.007241545454545473,0.35400045454545453,-0.0059661212121212125,-0.07684860606060606,0.24620363636363637,0.00987318181818182,0.20944354545454544,0.0006607575757575758,-0.05944233333333333,0.00014072727272727273,4.148124454545454,23.03030303030303,2.0,0.130011,0.176305,0.10394,-15.472041606060605,0.24806000000000003,6600.606060606061,6440.454545454545,-150.84848484848484,97.9090909090909,-19.848484848484848,0.007241545454545473
0 days 00:00:33.645191,-0.9021793333333332,0.025695454545454546,-0.011995818181818163,0.3700248181818182,-0.0018524545454545454,-0.06995054545454546,0.2314339696969697,0.08427275757575757,-0.028741727272727273,0.008309212121212122,-0.05798336363636364,-1.5272727272727273e-05,4.120415515151516,23.757575757575758,2.121212121212121,0.124571,0.19003063636363635,0.10394,-17.427004939393942,0.10748027272727273,6707.272727272727,6631.939393939394,-99.27272727272727,80.66666666666667,-10.666666666666666,0.011995818181818163
0 days 00:00:33.710191,-0.8768895882352941,0.025717882352941174,-0.016773794117647123,0.3829131764705882,0.001407970588235294,-0.07126161764705882,0.14802926470588235,-0.0064538529411764705,0.05541805882352941,-0.0007555000000000001,-0.05115697058823529,-0.0001455,4.092476558823529,21.529411764705884,2.764705882352941,0.1429359705882353,0.2003500588235294,0.10394,-19.26102588235294,0.19912055882352941,6911.764705882353,6483.970588235294,35.61764705882353,-13.117647058823529,26.352941176470587,0.016773794117647123
0 days 00:00:33.775191,-0.8509317878787876,0.025692424242424242,-0.0213536060606061,0.3903893939393939,-0.0032707575757575757,-0.06479475757575757,0.08414693939393939,-0.10201645454545455,0.1144070303030303,-0.01072290909090909,-0.045735,1.4424242424242423e-05,4.0647261212121215,19.96969696969697,2.0,0.146388,0.206379,0.10394,-20.873287969696968,0.161504,7035.454545454545,6472.30303030303,266.6969696969697,5.757575757575758,9.787878787878787,0.0213536060606061
0 days 00:00:33.840191,-0.8249769696969693,0.025334212121212122,-0.02539975757575763,0.39499324242424244,-0.005730606060606061,-0.05829566666666666,0.05882136363636364,0.05164560606060606,0.0727600909090909,0.0050012727272727275,-0.04344378787878788,0.00015639393939393938,4.037574333333334,18.87878787878788,2.121212121212121,0.170335,0.2141848181818182,0.10394,-22.340924454545455,0.24743872727272728,7292.424242424242,6511.121212121212,-248.78787878787878,47.878787878787875,-34.878787878787875,0.02539975757575763
0 days 00:00:33.905191,-0.7987693636363633,0.0251639696969697,-0.029114242424242542,0.3980357575757576,0.0009892727272727273,-0.054372303030303035,0.03138287878787879,0.09769009090909091,0.05499581818181818,0.009879121212121212,-0.04085021212121212,-0.00010945454545454546,4.01060403030303,18.0,3.0,0.166165,0.218513,0.10394,-23.735709,0.150516,7426.0,6507.393939393939,-186.21212121212122,37.54545454545455,-1.4545454545454546,0.029114242424242542
0 days 00:00:33.970191,-0.7720311470588235,0.025304794117647057,-0.032634705882352955,0.3988896764705882,0.0007491470588235294,-0.05063394117647059,-0.005257411764705882,-0.11175541176470588,0.059061,-0.011628617647058824,-0.03722329411764706,-0.0002078529411764706,3.983409617647059,17.058823529411764,2.9705882352941178,0.19289323529411764,0.22315505882352943,0.10394,-25.04370123529412,0.2822424705882353,7721.176470588235,6499.323529411765,279.9117647058824,20.205882352941178,43.088235294117645,0.032634705882352955
0 days 00:00:34.035191,-0.7453159999999999,0.02501581818181818,-0.035889030303030256,0.3974646060606061,-0.009489060606060607,-0.046375151515151515,-0.03505451515151515,-0.1320079090909091,0.06694166666666666,-0.014158303030303031,-0.03409966666666667,0.0001344848484848485,3.956398818181818,15.757575757575758,2.0,0.21562736363636364,0.22672627272727272,0.10394,-26.235937484848485,0.2762990909090909,8072.30303030303,6486.242424242424,156.5151515151515,24.424242424242426,-10.454545454545455,0.035889030303030256
0 days 00:00:34.100191,-0.7191523030303033,0.02425969696969697,-0.03876354545454552,0.39438239393939395,-0.010793424242424243,-0.039942757575757576,-0.057268818181818185,0.09209406060606061,0.13542363636363636,0.00874778787878788,-0.031787969696969696,0.00015196969696969694,3.9299703939393935,14.0,2.0,0.217661,0.228479,0.10394,-27.32178415151515,0.22544,8292.0,6428.0,-290.09090909090907,30.606060606060606,-48.121212121212125,0.03876354545454552
0 days 00:00:34.165191,-0.6928475882352942,0.023827794117647058,-0.041122205882352936,0.3899576470588235,-0.002025176470588235,-0.030902529411764707,-0.07374373529411764,0.11911223529411764,0.11325723529411764,0.01192670588235294,-0.02962447058823529,-0.0002469117647058823,3.9033229411764703,13.088235294117647,2.0294117647058822,0.22456805882352943,0.22982282352941177,0.10394,-28.350450911764707,0.24997205882352944,8557.941176470587,6464.235294117647,-30.235294117647058,32.76470588235294,17.58823529411765,0.041122205882352936
0 days 00:00:34.230191,-0.6668739393939394,0.023865151515151513,-0.042975121212121214,0.38446987878787875,0.0016455454545454544,-0.024734878787878785,-0.09023827272727274,-0.006063818181818182,0.08205721212121213,-0.0006036060606060606,-0.027332181818181818,-0.00017172727272727272,3.876855121212121,12.878787878787879,2.878787878787879,0.22561218181818182,0.23004663636363637,0.10394,-29.304953212121212,0.2512631818181818,8788.424242424242,6468.545454545455,113.15151515151516,28.545454545454547,44.57575757575758,0.042975121212121214
0 days 00:00:34.295191,-0.6416853939393938,0.02391448484848485,-0.044429727272727315,0.37798121212121216,-0.00041972727272727273,-0.019387424242424244,-0.10564075757575758,-0.0355730303030303,0.08124824242424243,-0.003664787878787879,-0.02514748484848485,0.00021239393939393938,3.8509581818181817,12.0,2.0,0.226844,0.230493,0.10394,-30.170212939393938,0.231465,9038.0,6464.0,21.393939393939394,27.515151515151516,-16.939393939393938,0.044429727272727315
0 days 00:00:34.360191,-0.6169570303030305,0.023834181818181817,-0.045531151515151524,0.3705926363636364,-0.0016337878787878787,-0.01403,-0.11752075757575758,-0.006848030303030303,0.08171199999999999,-0.0008783030303030303,-0.02324187878787879,0.00012966666666666666,3.8252343333333334,11.090909090909092,2.909090909090909,0.2378938787878788,0.22967748484848485,0.10394,-30.96788181818182,0.27544657575757575,9368.90909090909,6459.606060606061,-154.75757575757575,29.060606060606062,-37.0,0.045531151515151524
0 days 00:00:34.425191,-0.592379794117647,0.023674264705882353,-0.046281499999999975,0.36238779411764704,-0.003821529411764706,-0.008400000000000001,-0.12689658823529412,-0.064218,0.08653258823529413,-0.007025529411764706,-0.021522470588235292,-0.0002106764705882353,3.799296911764706,10.0,2.0,0.2347465588235294,0.22834982352941174,0.10394,-31.71716182352941,0.2203475,9694.0,6452.205882352941,260.9117647058824,30.235294117647058,16.470588235294116,0.046281499999999975
0 days 00:00:34.490191,-0.5683694848484846,0.02329048484848485,-0.04665775757575763,0.35362675757575757,-0.006641424242424242,-0.0032856060606060605,-0.13407312121212123,0.01612090909090909,0.05158278787878788,0.0012606666666666667,-0.019887363636363634,-8.757575757575757e-05,3.773534484848485,10.0,2.0,0.22683966666666666,0.22649457575757576,0.10394,-32.41074,0.19641842424242426,9901.818181818182,6488.242424242424,-120.51515151515152,30.333333333333332,18.848484848484848,0.04665775757575763
0 days 00:00:34.555191,-0.54530796969697,0.022991939393939394,-0.046802606060606156,0.3445766060606061,-0.0014065151515151514,-0.001497181818181818,-0.14019254545454546,0.11099987878787879,0.016057696969696972,0.011201424242424242,-0.018335878787878786,0.00010939393939393939,3.748327818181818,10.0,2.0,0.22632554545454545,0.22412439393939396,0.10394,-33.041268515151515,0.2276521212121212,10238.90909090909,6498.0,-123.24242424242425,29.606060606060606,-12.515151515151516,0.046802606060606156
0 days 00:00:34.620191,-0.5228583333333332,0.023103939393939395,-0.046845212121212176,0.3351095757575758,0.003698969696969697,0.0007533636363636364,-0.14649463636363638,0.0209120303030303,0.06452451515151515,0.002254090909090909,-0.016881878787878786,1.7575757575757573e-06,3.723289393939394,9.0,3.0,0.21023269696969699,0.22144851515151515,0.10394,-33.62194424242424,0.15259575757575758,10476.0,6445.636363636364,-50.15151515151515,28.303030303030305,-4.9393939393939394,0.046845212121212176
0 days 00:00:34.685191,-0.5007225882352944,0.023265882352941174,-0.046622617647058884,0.32516126470588236,-0.0006702647058823528,0.005612764705882353,-0.14962005882352944,-0.1427349411764706,0.05501185294117647,-0.014896617647058822,-0.015610323529411763,-9.238235294117647e-05,3.6980432941176473,9.0,3.0,0.22223970588235292,0.21840058823529412,0.10394,-34.165507,0.2517354705882353,10803.176470588236,6479.882352941177,214.7941176470588,30.647058823529413,15.323529411764707,0.046622617647058884
0 days 00:00:34.750191,-0.4792555757575756,0.022853333333333337,-0.04616469696969705,0.3150906666666667,-0.011369636363636363,0.007599272727272727,-0.15115003030303029,-0.12927293939393938,0.016322272727272727,-0.014074424242424242,-0.014436545454545454,4.1e-05,3.672967424242424,9.0,2.090909090909091,0.21937618181818183,0.21467124242424243,0.10394,-34.66889775757576,0.20379618181818185,11158.90909090909,6492.757575757576,136.33333333333334,30.727272727272727,-6.181818181818182,0.04616469696969705
0 days 00:00:34.815191,-0.45877506060606077,0.021963424242424243,-0.04560724242424252,0.3050324242424242,-0.013285393939393939,0.009833575757575758,-0.15365942424242424,0.06492212121212121,0.06522942424242424,0.005617454545454545,-0.013295272727272728,4.815151515151515e-05,3.6484324545454543,8.0,3.0,0.21302551515151513,0.21096178787878786,0.10394,-35.126266424242424,0.19338684848484847,11484.0,6438.69696969697,-383.1212121212121,28.87878787878788,-23.606060606060606,0.04560724242424252
0 days 00:00:34.880191,-0.43896375757575745,0.021251757575757577,-0.04478833333333343,0.2948598787878788,-0.009045969696969696,0.014721848484848485,-0.15398145454545453,0.007744060606060606,0.056490454545454545,-0.00034339393939393937,-0.012290181818181818,-0.00019199999999999998,3.6240615454545453,8.0,3.0,0.20691509090909088,0.20709436363636363,0.10394,-35.54796954545454,0.18230830303030304,11713.272727272728,6472.606060606061,111.21212121212122,30.303030303030305,18.303030303030305,0.04478833333333343
0 days 00:00:34.945191,-0.4195402058823525,0.020523441176470588,-0.04371682352941186,0.2845823529411765,-0.013995264705882353,0.01677529411764706,-0.15293920588235294,-0.11418170588235295,0.017876676470588236,-0.012986294117647058,-0.011374764705882353,-8.950000000000001e-05,3.599488205882353,8.0,2.1176470588235294,0.21557511764705883,0.20254476470588237,0.10394,-35.94421488235294,0.246415,12164.117647058823,6485.705882352941,270.7352941176471,31.11764705882353,22.647058823529413,0.04371682352941186
0 days 00:00:35.010191,-0.4008006363636363,0.019410333333333335,-0.04255642424242434,0.2743577272727273,-0.017183151515151516,0.017780666666666667,-0.15229978787878787,0.05404506060606061,0.014340151515151516,0.004250575757575758,-0.010465333333333333,0.00016633333333333333,3.5750805757575757,8.0,2.0,0.21064466666666667,0.19833666666666666,0.10394,-36.31006909090909,0.19979799999999998,12409.757575757576,6484.666666666667,-211.0,29.87878787878788,-30.939393939393938,0.04255642424242434
0 days 00:00:35.075191,-0.38301148484848513,0.01852969696969697,-0.041348060606060666,0.2643353939393939,-0.008402545454545454,0.018801878787878788,-0.15128578787878788,0.16292612121212122,0.015869848484848483,0.01583248484848485,-0.009619272727272726,-5.2272727272727274e-05,3.551199575757576,8.0,2.0,0.21114248484848486,0.19329372727272726,0.10394,-36.641246242424245,0.2157380606060606,12807.575757575758,6484.0,-141.84848484848484,30.303030303030305,-13.727272727272727,0.041348060606060666
0 days 00:00:35.140191,-0.365881303030303,0.018264242424242426,-0.040072242424242455,0.2544089696969697,-0.0011395757575757576,0.01978551515151515,-0.14940966666666666,0.04288106060606061,0.013931636363636363,0.004078575757575757,-0.008868060606060607,-0.00023245454545454546,3.5274779393939397,8.0,2.0,0.20142466666666667,0.188537,0.10394,-36.94601678787879,0.16526933333333332,13127.515151515152,6484.0,114.12121212121212,30.333333333333332,38.06060606060606,0.040072242424242455
0 days 00:00:35.205191,-0.3491593235294115,0.018198764705882355,-0.038715058823529436,0.24448288235294116,-0.001628529411764706,0.02061814705882353,-0.1468625882352941,-0.03223105882352941,0.009183823529411765,-0.003463529411764706,-0.008183970588235294,6.75e-05,3.5035595882352943,8.676470588235293,2.0,0.199468,0.187872,0.10394,-37.23143876470588,0.153681,13307.470588235294,6488.529411764706,58.1764705882353,30.441176470588236,10.205882352941176,0.038715058823529436
0 days 00:00:35.270191,-0.33309375757575754,0.018030636363636363,-0.03731736363636362,0.23473569696969698,-0.00299569696969697,0.021034606060606063,-0.14413609090909094,-0.0013737575757575757,0.007140060606060606,-0.0003675151515151515,-0.007536333333333333,0.00021148484848484847,3.4798024848484848,8.212121212121213,2.0,0.214287696969697,0.1798651818181818,0.10394,-37.49471233333333,0.2547241818181818,13799.515151515152,6485.69696969697,-39.60606060606061,30.424242424242426,-35.515151515151516,0.03731736363636362
0 days 00:00:35.335191,-0.3179023939393941,0.017852939393939393,-0.0359219090909092,0.22532454545454547,-0.002187242424242424,0.020733878787878787,-0.1409190909090909,0.017886818181818184,-0.03286118181818182,0.0016131515151515151,-0.006944424242424242,-6.512121212121212e-05,3.4565578484848483,8.878787878787879,2.0,0.20597436363636362,0.17337366666666665,0.10394,-37.73349663636363,0.1708792121212121,14165.212121212122,6531.515151515152,-18.060606060606062,31.242424242424242,-8.969696969696969,0.0359219090909092
0 days 00:00:35.400191,-0.30311061764705904,0.017738470588235293,-0.03464682352941184,0.21599917647058822,-0.0014190882352941177,0.017312499999999998,-0.13772417647058824,0.003304794117647059,-0.04009517647058824,0.0001805,-0.006380470588235294,-0.00018123529411764706,3.4331203529411765,9.0,2.0,0.18983670588235294,0.16865311764705881,0.10394,-37.95660861764706,0.12473076470588233,14350.176470588236,6508.294117647059,15.5,30.38235294117647,28.91176470588235,0.03464682352941184
0 days 00:00:35.465191,-0.28893466666666656,0.01764130303030303,-0.033519878787878876,0.20686436363636362,-0.0015593939393939394,0.017232454545454547,-0.13492936363636365,-0.004270818181818182,0.04094457575757576,-0.0005859393939393939,-0.005851121212121212,5.2242424242424243e-05,3.4098408484848486,8.212121212121213,2.0,0.18667115151515154,0.16289887878787876,0.10394,-38.16135418181818,0.18453257575757576,14748.969696969696,6448.575757575758,6.363636363636363,29.96969696969697,7.2727272727272725,0.033519878787878876
0 days 00:00:35.530191,-0.27556409090909106,0.017531939393939395,-0.03225287878787886,0.19807469696969696,-0.0016867575757575756,0.021044848484848486,-0.13118793939393938,0.0010349696969696972,0.04406424242424243,-4.851515151515151e-05,-0.0054034545454545455,0.0001497878787878788,3.2656756363636363,8.0,2.0,0.1813132121212121,0.15774142424242424,0.11493284848484848,-38.346789666666666,0.16085766666666668,15110.30303030303,6476.575757575758,-5.636363636363637,35.0,-23.151515151515152,0.03225287878787886
0 days 00:00:35.595191,-0.26276575757575715,0.017426212121212124,-0.030808606060606092,0.1895100909090909,-0.0014864545454545454,0.02205942424242424,-0.12974563636363637,0.0038568484848484847,-0.014295818181818182,0.0002531818181818182,-0.00469769696969697,-3.2515151515151516e-05,2.762287606060606,8.666666666666666,2.0,0.16943836363636364,0.1530282727272727,0.194631,-38.51578590909091,0.12558618181818182,15312.0,6517.090909090909,-2.8181818181818183,16.636363636363637,-7.333333333333333,0.030808606060606092
0 days 00:00:35.660191,-0.25035302941176507,0.017334,-0.02940738235294127,0.18088605882352943,-0.0012934411764705884,0.01958514705882353,-0.12361541176470589,0.0015893529411764706,-0.03182723529411764,3.752941176470588e-05,-0.004534529411764706,-0.00012079411764705881,2.7273195294117647,9.0,2.0,0.16209788235294117,0.1471494117647059,0.194631,-38.662756323529415,0.14371964705882354,15646.35294117647,6502.911764705882,1.8823529411764706,2.7058823529411766,17.970588235294116,0.02940738235294127
0 days 00:00:35.725191,-0.2384805454545451,0.017249121212121212,-0.028130393939393983,0.17359951515151514,-0.001256,0.018677848484848488,-0.09163842424242423,4.515151515151515e-06,-0.019985787878787877,-0.00011939393939393939,-0.0071330606060606054,2.1757575757575756e-05,2.692791878787879,9.575757575757576,2.0,0.16009327272727272,0.14277372727272727,0.194631,-38.85342412121212,0.152006,15909.39393939394,6521.0,1.393939393939394,50.27272727272727,6.484848484848484,0.028130393939393983
0 days 00:00:35.790191,-0.22719015151515176,0.01716639393939394,-0.0269857272727273,0.168566303030303,-0.0012385454545454544,0.015680030303030303,-0.06437290909090909,0.0007226363636363637,-0.04617742424242424,-4.381818181818182e-05,-0.009391,9.903030303030303e-05,2.6592080303030303,10.0,2.0,0.1503940909090909,0.1385361818181818,0.194631,-39.13047078787879,0.11968545454545454,16206.0,6515.454545454545,-0.24242424242424243,29.666666666666668,-13.787878787878787,0.0269857272727273
0 days 00:00:35.855191,-0.21618284848484848,0.017087030303030305,-0.026011030303030314,0.16491157575757576,-0.0011564848484848485,0.014210757575757576,-0.045882181818181815,0.0016326363636363637,-0.01912269696969697,5.821212121212121e-05,-0.010959,-7.545454545454545e-06,2.6260430303030304,10.454545454545455,2.0,0.14662772727272727,0.13666054545454545,0.194631,-39.464893606060606,0.12563963636363637,16447.81818181818,6520.909090909091,-1.0,29.333333333333332,-6.606060606060606,0.026011030303030314
0 days 00:00:35.920191,-0.20520976470588215,0.017013294117647057,-0.02515132352941185,0.16260967647058824,-0.0010454411764705882,0.010805088235294118,-0.023928294117647058,0.0015065,-0.07627302941176471,5.5705882352941176e-05,-0.012898294117647058,-8.044117647058824e-05,2.592799735294118,11.558823529411764,2.0,0.14312223529411766,0.13510770588235294,0.194631,-39.86541394117647,0.13028735294117647,16780.58823529412,6555.705882352941,-0.11764705882352941,34.11764705882353,10.470588235294118,0.02515132352941185
0 days 00:00:35.985191,-0.19434472727272745,0.016946090909090907,-0.024606363636363593,0.1615929393939394,-0.0009664848484848484,0.005670303030303031,-0.00695939393939394,0.0008406363636363637,-0.05963124242424243,-7e-06,-0.014541636363636364,-1.2121212121212148e-07,2.5599751212121213,12.0,2.0,0.13833893939393938,0.13509963636363634,0.194631,-40.32474636363636,0.13428439393939395,17112.545454545456,6528.454545454545,0.15151515151515152,27.424242424242426,6.303030303030303,0.024606363636363593
0 days 00:00:36.050191,-0.183671303030303,0.01688366666666667,-0.02431724242424249,0.16171045454545455,-0.0009308181818181819,0.003521151515151515,0.010629484848484848,0.00032945454545454543,-0.027877333333333334,-5.663636363636363e-05,-0.016386515151515152,6.657575757575758e-05,2.5280476363636364,12.454545454545455,2.0,0.1377551818181818,0.13592278787878787,0.194631,-40.834695515151516,0.1503600303030303,17392.909090909092,6533.484848484848,0.7272727272727273,39.06060606060606,-7.909090909090909,0.02431724242424249
0 days 00:00:36.115191,-0.17295145454545446,0.01682290909090909,-0.02419127272727284,0.16294863636363635,-0.0009072424242424242,-0.00026836363636363635,0.025033030303030303,0.0004742424242424243,-0.07719493939393939,-3.684848484848485e-05,-0.017861727272727272,8.424242424242423e-06,2.496518484848485,13.0,2.0,0.13643172727272726,0.13730660606060605,0.194631,-41.4020943030303,0.13099384848484846,17647.21212121212,6554.242424242424,0.0,39.303030303030305,-6.03030303030303,0.02419127272727284
0 days 00:00:36.180191,-0.16196108823529398,0.01676344117647059,-0.024351147058823575,0.1648084705882353,-0.0008626470588235294,-0.0037935000000000004,0.029596205882352938,0.0008554117647058823,-0.024944794117647058,7.970588235294116e-06,-0.018584676470588233,-5.3529411764705884e-05,2.464914882352941,13.0,2.0,0.134711,0.13966,0.194631,-42.013695647058825,0.126967,18079.29411764706,6518.0,0.0,27.11764705882353,5.647058823529412,0.024351147058823575
0 days 00:00:36.245191,-0.1508370000000001,0.01670781818181818,-0.024647212121212125,0.166957,-0.0007925454545454545,-0.004911818181818182,0.03481172727272727,0.0012121515151515153,-0.013487363636363636,4.9272727272727276e-05,-0.019341242424242424,-1.2242424242424242e-05,2.433709151515152,13.0,2.0,0.13175487878787878,0.14204000000000003,0.194631,-42.64840312121212,0.1170159696969697,18571.090909090908,6518.0,-0.7272727272727273,26.09090909090909,5.575757575757576,0.024647212121212125
0 days 00:00:36.310191,-0.13972472727272756,0.016658151515151515,-0.0250003636363636,0.16949445454545453,-0.0007137575757575757,-0.005769939393939394,0.04299145454545454,0.0010514242424242424,-0.01578430303030303,3.7515151515151516e-05,-0.020416272727272727,4.26969696969697e-05,2.4033567272727274,13.242424242424242,2.0,0.12715118181818183,0.14623090909090908,0.194631,-43.30260403030303,0.10628342424242425,18795.454545454544,6528.818181818182,0.0,26.636363636363637,-3.8181818181818183,0.0250003636363636
0 days 00:00:36.375191,-0.12824782352941178,0.016612264705882354,-0.025466205882352932,0.17285550000000002,-0.0006622058823529412,-0.008757058823529411,0.05743220588235294,0.0004864705882352941,-0.07365579411764706,-1.4323529411764707e-05,-0.02207141176470588,1.6470588235294116e-05,2.372932235294118,14.0,2.0,0.12496205882352941,0.14997085294117646,0.194631,-44.01366194117647,0.11686720588235294,19069.764705882353,6567.705882352941,0.20588235294117646,37.14705882352941,-5.147058823529412,0.025466205882352932
0 days 00:00:36.440191,-0.11651527272727291,0.016568515151515154,-0.02620809090909093,0.17708163636363636,-0.0006462727272727272,-0.012832363636363637,0.06703272727272727,7.896969696969696e-05,-0.03414981818181818,-5.181818181818182e-05,-0.02351506060606061,-3.351515151515151e-05,2.3428910606060604,14.0,2.0,0.12756439393939395,0.156225,0.194631,-44.77910633333333,0.13649854545454548,19471.757575757576,6525.0,0.6060606060606061,44.878787878787875,2.4545454545454546,0.02620809090909093
0 days 00:00:36.505191,-0.10466645454545453,0.016526121212121214,-0.027106030303030382,0.18152584848484848,-0.0006355757575757575,-0.014150848484848485,0.06467560606060606,0.00032796969696969697,-0.014708727272727273,-2.5303030303030303e-05,-0.023708272727272727,-1.9303030303030303e-05,2.3136712727272726,14.0,2.0,0.1431601212121212,0.1617959393939394,0.194631,-45.563782090909086,0.19138927272727274,20032.484848484848,6525.0,0.0,53.21212121212121,4.878787878787879,0.027106030303030382
0 days 00:00:36.570191,-0.09254415151515127,0.01648518181818182,-0.02807239393939398,0.185168,-0.0005992424242424242,-0.015076787878787879,0.044961151515151516,0.0007620606060606061,-0.01375469696969697,2.0727272727272728e-05,-0.02203672727272727,2.478787878787879e-05,2.284815666666667,13.969696969696969,2.0,0.13906,0.1659,0.194631,-46.320478575757576,0.12096,20299.878787878788,6525.0,-0.18181818181818182,4.393939393939394,-1.1818181818181819,0.02807239393939398
0 days 00:00:36.635191,-0.08003873529411765,0.01644679411764706,-0.028944382352941278,0.18739835294117646,-0.0005606470588235294,-0.006238058823529412,0.014941323529411766,-0.0010677647058823531,0.38116614705882357,-0.0001911764705882353,-0.019922323529411767,2.2676470588235295e-05,2.267640235294118,12.852941176470589,2.0,0.146867,0.171625,0.194631,-46.750460411764706,0.171142,20885.79411764706,6126.617647058823,-58.0,353.6470588235294,0.6176470588235294,0.028944382352941278
0 days 00:00:36.700191,-0.06753224242424238,0.016386818181818183,-0.028221727272727315,0.18344303030303033,-0.001733969696969697,0.02870142424242424,-0.18007442424242423,-0.048389,0.5275711515151515,-0.005560909090909091,0.0016356969696969697,3.060606060606061e-05,2.267488,12.0,2.0,0.146867,0.171625,0.194631,-46.754227,0.171142,21337.0,6156.727272727273,-88.12121212121212,335.1818181818182,48.60606060606061,0.028221727272727315
0 days 00:00:36.765191,-0.05612899999999987,0.01607178787878788,-0.02524884848484854,0.15698839393939393,-0.009288969696969698,0.059466060606060606,-0.6438530606060606,-0.19200675757575758,0.4055040606060606,-0.021719363636363637,0.0541490606060606,0.00011533333333333334,2.267488,5.0,2.0,0.146867,0.171625,0.194631,-46.754227,0.171142,21736.363636363636,6238.121212121212,3.090909090909091,-86.27272727272727,94.45454545454545,0.02524884848484854
0 days 00:00:36.830191,-0.04756542424242438,0.014897575757575757,-0.020509727272727374,0.0979488787878788,-0.02790251515151515,0.08244518181818182,-1.1143201515151515,-0.36578021212121214,0.2951901515151515,-0.041520666666666664,0.10879778787878787,0.00011887878787878788,2.267488,-10.333333333333334,2.121212121212121,0.146867,0.171625,0.194631,-46.754227,0.171142,22159.333333333332,6331.787878787879,51.60606060606061,-187.78787878787878,58.09090909090909,0.020509727272727374
0 days 00:00:36.895191,-0.0438170882352944,0.012075470588235293,-0.014385500000000051,0.012335029411764706,-0.057071264705882356,0.09876408823529412,-1.4043241764705883,-0.49169076470588235,0.19698317647058824,-0.0567530294117647,0.14583785294117646,0.00016755882352941176,2.267488,-20.0,3.0,0.146867,0.171625,0.194631,-46.754227,0.171142,22401.0,6417.882352941177,25.970588235294116,-43.205882352941174,-4.529411764705882,0.014385500000000051
0 days 00:00:36.960191,-0.0463159090909091,0.007067030303030303,-0.007378454545454605,-0.08766318181818182,-0.09277045454545454,0.10920478787878787,-1.5680154242424242,-0.5676854242424243,0.11753966666666667,-0.067263,0.1708199090909091,0.00011266666666666666,2.267488,-26.696969696969695,2.9696969696969697,0.146867,0.171625,0.194631,-46.754227,0.171142,22479.272727272728,6492.484848484848,10.030303030303031,14.575757575757576,-15.696969696969697,0.007378454545454605
